{
  "allType": [
    {"id": 1,"name": "情感生活","children": [
      {"name": "全部专辑","index": 39104},
      {"name": "情感治愈","index": 39105},
      {"name": "晚安心语","index": 109},
      {"name": "美文故事","index": 39106},
      {"name": "恋爱宝典","index": 38983},
      {"name": "旅行人文","index": 108}
    ]},
    {"id": 2,"name": "音乐电台","children": [
      {"name": "全部专辑","index": 39110},
      {"name": "心情","index": 102},
      {"name": "乐评","index": 118},
      {"name": "歌手","index": 117},
      {"name": "流行","index": 38936},
      {"name": "经典","index": 39116},
      {"name": "催眠","index": 40083},
      {"name": "欧美","index": 38937},
      {"name": "日韩","index": 40078},
      {"name": "榜单","index": 101},
      {"name": "粤语","index": 40038},
      {"name": "纯音","index": 103},
      {"name": "3D","index": 100},
      {"name": "电子","index": 40030},
      {"name": "喊麦","index": 40029},
      {"name": "原创","index": 40082},
      {"name": "翻唱","index": 38938},
      {"name": "民谣","index": 38943},
      {"name": "摇滚","index": 40079},
      {"name": "动漫","index": 40028},
      {"name": "古风","index": 40080},
      {"name": "宗教","index": 40081},
      {"name": "跑步","index": 40077},
      {"name": "影视","index": 38942},
      {"name": "古典","index": 40039},
      {"name": "世界","index": 40036},
      {"name": "儿童","index": 40037}
    ]},
    {"id": 3,"name": "有声小说","children": [
      {"name": "全部专辑","index": 39092},
      {"name": "悬疑推理","index": 41092},
      {"name": "恐怖灵异","index": 39096},
      {"name": "玄幻奇幻","index": 38954},
      {"name": "现代言情","index": 38949},
      {"name": "古代言情","index": 38951},
      {"name": "鬼故事","index": 105},
      {"name": "影视原著","index": 104},
      {"name": "网游竞技","index": 40042},
      {"name": "都市生活","index": 38953},
      {"name": "武侠传奇","index": 38958},
      {"name": "官场商战","index": 38957},
      {"name": "历史军事","index": 38960},
      {"name": "青春校园","index": 38959},
      {"name": "耽美同人","index": 40041},
      {"name": "广播剧","index": 39103},
      {"name": "社科管理","index": 40040},
      {"name": "文学名著","index": 38956},
      {"name": "杂志专栏","index": 41093}
    ]},{"id": 4,"name": "相声曲艺","children": [
      {"name": "全部专辑","index": 4},
      {"name": "郭德纲","index": 38963},
      {"name": "相声新星","index": 39109},
      {"name": "相声名家","index": 38971},
      {"name": "评书大全","index": 38969},
      {"name": "小品大全","index": 38970},
      {"name": "粤语评书","index": 111},
      {"name": "刘兰芳","index": 40048},
      {"name": "王玥波","index": 40049},
      {"name": "单田芳","index": 38965},
      {"name": "袁阔成","index": 38966},
      {"name": "田连元","index": 38972},
      {"name": "戏曲名剧","index": 39133}
    ]},{"id": 5,"name": "综艺娱乐","children": [
      {"name": "全部专辑","index": 1	   },
      {"name": "影视精选","index": 38985},
      {"name": "热门综艺","index": 38974},
      {"name": "八卦娱乐","index": 38982},
      {"name": "星座风水","index": 113},
      {"name": "明星专区","index": 38980},
      {"name": "游戏动漫","index": 116},
      {"name": "文娱杂谈","index": 40043},
      {"name": "时尚生活","index": 40045},
      {"name": "影视原声","index": 40044}
    ]},{"id": 6,"name": "妈咪宝贝","children": [
      {"name": "全部专辑","index": 39120},
      {"name": "睡前故事","index": 40005},
      {"name": "童话寓言","index": 40002},
      {"name": "儿歌音乐","index": 40001},
      {"name": "孕妈育儿","index": 40003},
      {"name": "经典名著","index": 40009},
      {"name": "诗词国学","index": 40070},
      {"name": "儿童英语","index": 40007},
      {"name": "儿童科普","index": 40008},
      {"name": "儿童教材","index": 40076},
      {"name": "卡通动画","index": 40004}
    ]},{"id": 7,"name": "知识干货","children": [
      {"name": "全部专辑","index": 39126},
      {"name": "科普充电","index": 40014},
      {"name": "名人专栏","index": 40072},
      {"name": "情商心理","index": 40073},
      {"name": "语言学习","index": 39127},
      {"name": "考试教材","index": 114},
      {"name": "职场提升","index": 40060},
      {"name": "互联网","index": 40071},
      {"name": "公开课演讲","index":39012},
      {"name": "健康养生","index": 39131},
      {"name": "创业投资","index": 39129}
    ]},{"id": 8,"name": "历史人文","children": [
      {"name": "全部专辑","index": 18},
      {"name": "野史趣闻","index": 40055},
      {"name": "佛学修身","index": 40075},
      {"name": "传奇档案","index": 39132},
      {"name": "文化讲坛","index": 39134},
      {"name": "人物传纪","index": 40054},
      {"name": "中国历史","index": 40050},
      {"name": "世界历史","index": 40062},
      {"name": "军事战争","index": 40052},
      {"name": "人文艺术","index": 40074}
    ]},{"id": 9,"name": "新闻资讯","children": [
      {"name": "全部专辑","index": 5},
      {"name": "头条新闻","index": 38924},
      {"name": "深度观点","index": 38925},
      {"name": "社会百态","index": 39078},
      {"name": "商业财经","index": 39049},
      {"name": "IT科技","index": 38927},
      {"name": "军事要闻","index": 38931},
      {"name": "自媒体","index": 110},
      {"name": "汽车","index": 38929},
      {"name": "体育","index": 38930}
    ]},{"id": 10,"name": "搞笑段子","children": [
      {"name": "全部专辑","index": 39087},
      {"name": "热点趣闻","index": 38976},
      {"name": "糗事百科","index": 38979},
      {"name": "内涵段子","index": 106},
      {"name": "聊江湖","index": 40015},
      {"name": "冷笑话","index": 38978},
      {"name": "方言秀","index": 38977}
    ]},{"id": 11,"name": "广播电台","children": [
      {"name": "全部专辑","index": 39137}
    ]}
  ]
}
